FID,OBJECTID,SHAPE,KATEGORIE,NAME,BEMERKUNG,ADRESSE,WEITERE_INF,SE_ANNO_CAD_DATA
SPAZIERPUNKTOGD.10378,10378,POINT (16.43218302717633 48.30840102266175),8,Rendezvousberg,"Obwohl mit Vegetation bedeckt, lässt sich in der Landschaft die einstige Nutzung des Rendezvousbergs als Schotterabbaustätte gut ablesen. Heute wachsen hier unter anderem lichte Wäldchen, die mit den kargen Bodenverhältnissen zurechtkommen.",,www.wienzufuss.at/gemma-zukunft,
SPAZIERPUNKTOGD.10379,10379,POINT (16.421235211019223 48.29867905914551),8,Startpunkt DreiAnger,"Diese Tour ist Teil von Gemma Zukunft, einem kostenlosen Programm für Führungen zu Themen der nachhaltigen Stadtentwicklung in Wien. ",,www.wienzufuss.at/gemma-zukunft,
SPAZIERPUNKTOGD.10380,10380,POINT (16.438073558363257 48.309961576318564),8,Panoramablick,Von der Kante des Kleinen Wagrams genießen Sie einen wundervollen Ausblick auf die Skyline von Wien. An klaren Tagen reicht die Fernsicht bis zum Schneeberg.,,www.wienzufuss.at/gemma-zukunft,
SPAZIERPUNKTOGD.10381,10381,POINT (16.392005728092297 48.22285681639064),7,Nordbahnviertel,Mit seinen insgesamt 85 Hektar Fläche ist das Nordbahnhof-Areal eine der größten und bedeutendsten innerstädtischen Entwicklungszonen Wiens.,"2., Jakov-Lind-Straße",www.wienzufuss.at/gemma-zukunft/,
SPAZIERPUNKTOGD.10382,10382,POINT (16.39371528488618 48.22317719636778),7,Bruno-Marek-Allee ,"In der Bruno-Marek-Allee wurde die 15-Minuten-Stadt verwirklicht, Geschäfte des täglichen Bedarfs befinden sich in der Erdgeschoßzone und sorgen für eine lebendige Straße. ","2., Bruno-Marek-Allee",www.wienzufuss.at/gemma-zukunft/,
SPAZIERPUNKTOGD.10383,10383,POINT (16.393261392167354 48.23126871439354),7,"""Freie Mitte""","Die ""Freie Mitte"" ist ein besonderer Landschaftspark. Auf rund 10 Hektar wird die wilde „Gstettn“ als wichtiger Lebensraum für zahlreiche Tier- und Pflanzenarten erhalten und gleichzeitig Erholungsraum für die Bewohner*innen des Stadtteils geschaffen.","2., ""Freie Mitte""",www.wienzufuss.at/gemma-zukunft/,
SPAZIERPUNKTOGD.10384,10384,POINT (16.383419202102623 48.22522584034484),7,Nordwestbahnhof,"Mit ihren Holzwänden oder Ziegelmauern vom städtischen Umfeld getrennt, behaupteten Eisenbahnareale – wie der Nordwestbahnhof –  ein Eigenleben. Seit nunmehr gut 20 Jahren werden diese letzten Brachflächen städtisch neu modelliert","2., Nordwestbahnhof",www.wienzufuss.at/gemma-zukunft/,
SPAZIERPUNKTOGD.10241,10241,POINT (16.37479124171349 48.2116138038928),1,Stadttempel der Israelitischen Kultusgemeinde,,"1., Seitenstettengasse 4",www.wien.gv.at/spaziergang/juedisches-wien/kultusgemeinde.html,
SPAZIERPUNKTOGD.10242,10242,POINT (16.371060896688775 48.211804442396044),1,Dokumentationsarchiv des Österreichischen Widerstands (DÖW),,"1., Wipplingerstraße 6-8",www.wien.gv.at/spaziergang/juedisches-wien/doew.html,
SPAZIERPUNKTOGD.10243,10243,POINT (16.369189041221162 48.21188088153607),1,Museum Judenplatz ,,"1., Judenplatz 8",www.wien.gv.at/spaziergang/juedisches-wien/judenplatz.html,
SPAZIERPUNKTOGD.10244,10244,POINT (16.369269851976185 48.20717602204127),1,Palais Eskeles - Jüdisches Museum der Stadt Wien,,"1., Dorotheergasse 11",www.wien.gv.at/spaziergang/juedisches-wien/juedisches-museum.html,
SPAZIERPUNKTOGD.10245,10245,POINT (16.369252121423447 48.211929135083544),1,Jewish Welcome Service,,"1., Judenplatz 8, 3. Stock",www.wien.gv.at/spaziergang/juedisches-wien/jws.html,
SPAZIERPUNKTOGD.10246,10246,POINT (16.377434084691913 48.199091480126235),1,Arnold Schönberg Center,,"3., Schwarzenbergplatz 6",www.wien.gv.at/spaziergang/juedisches-wien/schoenberg.html,
SPAZIERPUNKTOGD.10247,10247,POINT (16.385116483449416 48.213780808787774),1,Esra,,"2., Tempelgasse 5",www.wien.gv.at/spaziergang/juedisches-wien/esra.html,
SPAZIERPUNKTOGD.10248,10248,POINT (16.363035196075828 48.21860727163651),1,Sigmund-Freud-Museum,,"9., Berggasse 19",www.wien.gv.at/spaziergang/ringlinien/freud-museum.html,
SPAZIERPUNKTOGD.10249,10249,POINT (16.452900604702428 48.15112712099472),1,Wien Zentralfriedhof IV. Tor,,"11., Simmeringer Hauptstraße 244",www.wien.gv.at/spaziergang/juedisches-wien/friedhoefe.html,
SPAZIERPUNKTOGD.10250,10250,POINT (16.406153164643317 48.20958588002273),3,Prater Hauptallee,"Die Prater Hauptallee beginnt am Praterstern (Riesenrad), ist rund 4.500 Meter lang und endet beim Lusthaus.","2., Prater Hauptallee / Rotundenallee",www.wien.gv.at/spaziergang/ringlinien/prater.html,
SPAZIERPUNKTOGD.10251,10251,POINT (16.39413420503894 48.20753097272047),3,Hundertwasserhaus/ Kunsthaus,"Unweit vom KunstHausWien finden Sie das sogenannte ""Hundertwasser-Haus"", Wiens skurrilsten Gemeindebau gestaltet vom Maler Friedensreich Hundertwasser (1928 bis 2002).","3., Kegelgasse 34–38 / Untere Weißgerberstraße 13",www.wien.gv.at/spaziergang/ringlinien/kunsthaus.html,
SPAZIERPUNKTOGD.10252,10252,POINT (16.383946971558846 48.21154207000007),3,Urania,Das Wiener Volksbildunghaus wurde nach Plänen von Max Fabiani erbaut und 1910 eröffnet. Die Eingangshalle wurde 1935 angebaut. Die Urania beherbergt weiters eine Sternwarte sowie ein Kino.,"1., Uraniastraße 1",www.wien.gv.at/spaziergang/ringlinien/urania.html,
SPAZIERPUNKTOGD.10253,10253,POINT (16.38598469648229 48.21090316712974),3,BMVIT,Das Bundesamtsgebäude Radetzkystraße besteht aus drei ringförmigen Achtecken (Oktogonen) und Höfen der Obergeschoße. An den Straßenfronten wurde die achteckige Form an eine gerade Blockform angeglichen.,"3., Radetzkystraße 2",www.wien.gv.at/spaziergang/ringlinien/bmvit.html,
SPAZIERPUNKTOGD.10254,10254,POINT (16.37436669181955 48.21200345750764),3,Ruprechtskirche,"Die Ruprechtskirche ist zum Teil noch aus dem frühen 9. Jahrhundert erhalten und somit die älteste Kirche Wiens. Sie ist eine einfache romanische Kirche, die auch die ältesten Glasmalereien Wiens beherbergt (13. Jhd.).","1., Ruprechtsplatz",www.wien.gv.at/spaziergang/ringlinien/ruprechtskirche.html,
SPAZIERPUNKTOGD.10255,10255,POINT (16.372623982182546 48.217785126664545),3,Otto-Wagner-Schützenhaus,Das Schützenhaus der ehemaligen Staustufe Kaiserbad am Donaukanal  wurde 1904-1908 nach Plänen Otto Wagners errichtet. ,"2., Obere Donaustraße",www.wien.gv.at/stadtentwicklung/donaukanal/projekte/wagner.html,
SPAZIERPUNKTOGD.10256,10256,POINT (16.370189090964065 48.2169366231836),3,Ringturm,Das 60 Meter hohe Bürohochhaus wurde 1953 am Schottenring errichtet und ist heute noch das höchste Haus innerhalb der Ringstraße.,"1., Schottenring 30",www.wien.gv.at/spaziergang/ringlinien/ringturm.html,
SPAZIERPUNKTOGD.10257,10257,POINT (16.366393097574104 48.215353506612765),3,Alte Börse,Die Börse wurde 1874-1877 von Theophil Hansen in klassizistischen Rennaissanceformen erbaut.,"1., Schottenring 16",www.wien.gv.at/spaziergang/ringlinien/boerse.html,
SPAZIERPUNKTOGD.10258,10258,POINT (16.35952720617734 48.21527141416676),3,Votivkirche,Die Gedächtniskirche wurde anlässlich des missglückten Attentats auf Kaiser Franz Josef I. 1856-79 erbaut und ist im Stil der französischen Kathedralgotik des 13. Jhd. gehalten.,"9., Rooseveltplatz",www.wien.gv.at/spaziergang/ringlinien/votivkirche.html,
SPAZIERPUNKTOGD.10259,10259,POINT (16.360563255537258 48.21303486063622),3,Universität Wien,Die neue Universität wurde nach Plänen von Heinrich Ferstel 1873-84 im Stil der italienischen Renaissance errichtet. Das Gebäude besitzt einen Arkadenhof und 8 kleinere Höfe. ,"1., Dr.-Karl-Lueger-Ring 1",www.wien.gv.at/spaziergang/ringlinien/universitaetwien.html,
SPAZIERPUNKTOGD.10260,10260,POINT (16.358565596401302 48.19157225660886),6,Schlossquadrat,,"5., Margaretenplatz 2 - 3",www.wien.gv.at/spaziergang/innenhoefe/schlossquadrat.html,
SPAZIERPUNKTOGD.10261,10261,POINT (16.357835618028457 48.19130206155286),6,Margaretenplatz und Margaretenhof,,"5., Margaretenplatz 4",www.wien.gv.at/spaziergang/innenhoefe/margaretenplatz.html,
SPAZIERPUNKTOGD.10262,10262,POINT (16.35523074128211 48.19998099379353),6,Raimundhof,,"6., Mariahilfer Straße 45, Windmühlgasse 20 ",www.wien.gv.at/spaziergang/innenhoefe/raimundhof.html,
SPAZIERPUNKTOGD.10263,10263,POINT (16.354374832982554 48.203111505481594),6,Amerlinghaus am Spittelberg,,"7., Stiftgasse 8, Schrankgasse 1",www.wien.gv.at/spaziergang/innenhoefe/amerlinghaus.html,
SPAZIERPUNKTOGD.10264,10264,POINT (16.351116021820847 48.20234645533513),6,Adlerhof,,"7., Siebensterngasse 46, Burggasse 51",www.wien.gv.at/spaziergang/innenhoefe/adlerhof.html,
SPAZIERPUNKTOGD.10265,10265,POINT (16.353182701575772 48.205460022571856),6,Durchhaus Neustiftgasse,,"7., Neustiftgasse 16, Lerchenfelderstraße 13",www.wien.gv.at/spaziergang/innenhoefe/neustiftgasse.html,
SPAZIERPUNKTOGD.10266,10266,POINT (16.352082608297437 48.210024882644376),6,Lange Gasse,,"8., Lange Gasse 34",www.wien.gv.at/spaziergang/innenhoefe/langegasse.html,
SPAZIERPUNKTOGD.10267,10267,POINT (16.368829266266676 48.21165189621662),6,Ledererhof 2,,"1., Ledererhof 2",www.wien.gv.at/spaziergang/innenhoefe/ledererhof.html,
SPAZIERPUNKTOGD.10268,10268,POINT (16.367275787944017 48.208388081556585),6,Kohlmarkt 11,,"1., Kohlmarkt 11",www.wien.gv.at/spaziergang/innenhoefe/kohlmarkt.html,
SPAZIERPUNKTOGD.10269,10269,POINT (16.36697623617379 48.20783183648327),6,Michaeler Durchgang,,"1., Michaelerplatz 6, Habsburgergasse 14",www.wien.gv.at/spaziergang/innenhoefe/michaelerplatz.html,
SPAZIERPUNKTOGD.10270,10270,POINT (16.369194002519755 48.20806340440512),6,Nestroy Geburtshaus,,"1., Bräunerstraße 3",www.wien.gv.at/spaziergang/innenhoefe/nestroy.html,
SPAZIERPUNKTOGD.10271,10271,POINT (16.36965858504163 48.20849775599995),6,Generalihof,,"1., Bräunerstraße 1, Graben 13",www.wien.gv.at/spaziergang/innenhoefe/generalihof.html,
SPAZIERPUNKTOGD.10272,10272,POINT (16.357371570893704 48.210877625856405),3,Rathaus,Das von 1872 bis 1883 von Friedrich von Schmidt erbaute Wiener Rathaus ist der bedeutendste nichtkirchliche Bau Wiens im neugotischen Stil.,"1., Rathausplatz 1",www.wien.gv.at/spaziergang/ringlinien/rathaus.html,
SPAZIERPUNKTOGD.10273,10273,POINT (16.361375925548675 48.21033189649287),3,Burgtheater,Das Wiener Burgtheater wurde 1874 bis 1888 erbaut und ist nach wie vor eine Institution von Rang.,"1., Dr.-Karl-Lueger-Ring 2",www.wien.gv.at/spaziergang/ringlinien/burgtheater.html,
SPAZIERPUNKTOGD.10274,10274,POINT (16.358942160470185 48.20805596160906),3,Parlament,Theophil Hansen ist der Schöpfer des zwischen 1873 bis 1883 in Formen griechischer Architektur erbauten Reichsratsgebäudes. Das Parlament ist heute Sitz des Nationalrates und des Bundesrates.,"1., Dr. Karl-Renner-Ring 2",www.wien.gv.at/spaziergang/ringlinien/parlament.html,
SPAZIERPUNKTOGD.10275,10275,POINT (16.361042028712994 48.207722761482565),3,Volksgarten,Der Volksgarten wurde 1823 eröffnet und bis 1907 in mehreren Etappen gestaltet. Der Auftrag kam von Kaiser Franz I und Franz Joseph I. Im Bereich Elisabethdenkmal ist der Garten im Jugendstil gehalten. ,"1., Volksgarten",www.wien.gv.at/spaziergang/ringlinien/volksgarten.html,
SPAZIERPUNKTOGD.10276,10276,POINT (16.359562694222333 48.205403905166555),3,Naturhistorisches Museum,"Das Naturhistorische Museum begeistert mit einer vielfältigen Sammlung von ausgestopften Exemplaren seltener Tiere sowie Mineralien, Dinosaurierskelette und der Venus von Willendorf.","1., Maria-Theresien-Platz",www.wien.gv.at/spaziergang/ringlinien/naturhistorisch.html,
SPAZIERPUNKTOGD.10277,10277,POINT (16.361953044171774 48.203688717075124),3,Kunsthistorisches Museum,Mit seiner Kollektion berühmter Werke und der weltgrößten Bruegel-Sammlung zählt es heute zu den bedeutendsten Kunstsammlungen der Welt.,"1., Maria-Theresien-Platz",www.wien.gv.at/spaziergang/ringlinien/kunsthistorisch.html,
SPAZIERPUNKTOGD.10278,10278,POINT (16.36558049942324 48.20651695735209),3,Hofburg/Heldenplatz,Mehr als sieben Jahrhunderte lang wurde das Imperium des Habsburgerreiches von der Hofburg aus regiert. Heute befinden sich der Amtssitz des Bundespräsidenten sowie ein bedeutendes Kongresszentrum und zahlreiche Kunstsammlungen in der Hofburg.,"1., Hofburg",www.wien.gv.at/spaziergang/ringlinien/hofburg.html,
SPAZIERPUNKTOGD.10279,10279,POINT (16.36580642325034 48.20423841810666),3,Burggarten,Anstelle der von den Franzosen verwüsteten Festungswerke entstand ab 1818 ein Garten. Bis 1901 wandelte er sich zu einem englischen Landschaftsgarten und ein Jugendstilglashaus nach Plänen von Friedrich Ohmann kam hinzu. ,"1., Josephsplatz 1",www.wien.gv.at/spaziergang/ringlinien/burggarten.html,
SPAZIERPUNKTOGD.10280,10280,POINT (16.369056523452794 48.20312153979354),3,Staatsoper,Die Wiener Staatsoper hat neben internationale Spitzeninterpreten und Regisseuren ein eindrucksvolles Repertoire zu bieten. Einmal im Jahr findet der renommierte Wiener Opernball im Haus an der Ringstrasse statt.,"1., Opernring 2",www.wien.gv.at/spaziergang/ringlinien/staatsoper.html,
SPAZIERPUNKTOGD.10281,10281,POINT (16.370069748254796 48.19957952021862),3,Resselpark,"Anfang 2006 erfolgte durch die beiden Landschaftsplaner/innen DI Cordula Loidl-Reisch und DI Jakob Fina die sanfte Umgestaltung des Resselparks in den ""Kunstplatz Karlsplatz"".","4., Karlsplatz",www.wien.gv.at/umwelt/parks/anlagen/karlsplatz.html,
SPAZIERPUNKTOGD.10282,10282,POINT (16.37187725611189 48.19826923060943),3,Karlskirche,Die Karlskirche ist ein auffälliger Sakralbau mit einer mächtigen Kuppel. Sie ist das letzte große Werk des barocken Stararchitekten Johann Bernhard Fischer von Erlach und wurde 1739 von seinem Sohn vollendet.,"4., Karlsplatz",www.wien.gv.at/spaziergang/ringlinien/karlskirche.html,
SPAZIERPUNKTOGD.10283,10283,POINT (16.372967576221107 48.19918337908658),3,Wien Museum,Das Wien Museum zeigt die Geschichte Wiens sowie Sonderausstellungen zu einzelnen Wiener Themen.,"4., Karlsplatz",www.wien.gv.at/spaziergang/ringlinien/wien-museum.html,
SPAZIERPUNKTOGD.10284,10284,POINT (16.37027992250998 48.20026779480966),3,Otto-Wagner-Pavillion,Das ehemalige Stationsgebäude der Stadtbahn ist ein Jugendstiljuwel Otto Wagners und entstand 1898.,"4., Karlsplatz",www.wien.gv.at/spaziergang/ringlinien/otto-wagner-pavillon.html,
SPAZIERPUNKTOGD.10285,10285,POINT (16.367693228797954 48.1994716996153),3,Bibliotheksgebäude der Technische Universität Wien,Die Technische Universität (TU) Wien wurde 1815 als k. k. polytechnisches Institut gegründet. Die Eulenskulpturen am Bibliotheksgebäude stammen von dem schweizer Künstler Bruno Weber. Die große Eule ist mit 18 Metern Höhe das auffallendste und bekannteste Merkmal des Gebäudes und wurde an Ort und Stelle in Beton gegossen.,"4., Resselgasse 4",www.wien.gv.at/spaziergang/ringlinien/tu-bibliothek.html,
SPAZIERPUNKTOGD.10286,10286,POINT (16.353343195852403 48.169080711626314),3,Wasserturm Favoriten,"Auf der Kuppe des Wienerberges steht der Wasserturm, als eines der markantesten Bauwerke im Stil des industriellen Historismus. Er wurde in den Jahren 1898/99 errichtet und versorgte die hoch gelegenen Gebiete des 10. und 12. Bezirkes mit Trinkwasser.","10., Windtenstraße 3",www.wien.gv.at/wienwasser/bildung/turm.html,
SPAZIERPUNKTOGD.10287,10287,POINT (16.376096691146657 48.198389214034606),5,Schwarzenbergplatz / Hochstrahlbrunnen,"Der Schwarzenbergplatz liegt auf Flächen des ehemaligen Wiener ""Glacis"". Der Hochstrahlbrunnen entstand 1873 anlässlich der Fertigstellung der 1. Wiener Hochquellwasserleitung. Aus dem Jahr 1945 stammt das ""Denkmal zu Ehren der Soldaten der Sowjetarmee"", von der Roten Armee zur Erinnerung an die Befreiung Wiens errichtet. ","3., Schwarzenbergplatz",www.wien.gv.at/ma42/parks/schwarzengeschichte.htm,
SPAZIERPUNKTOGD.10288,10288,POINT (16.376096691146657 48.198389214034606),9,"Hochstrahlbrunnen, Schwarzenbergplatz",,"3., Schwarzenbergplatz",www.wien.gv.at/wienwasser/jubilaeumsspaziergang.html,
SPAZIERPUNKTOGD.10289,10289,POINT (16.375601061757468 48.1983589355551),9,Eduard Suess - Denkmal,,"3., Schwarzenbergplatz",www.wien.gv.at/wienwasser/jubilaeumsspaziergang.html,
SPAZIERPUNKTOGD.10290,10290,POINT (16.37985923820664 48.19656996572818),9,Unteres Belvedere,,"3., Rennweg 6",www.wien.gv.at/wienwasser/jubilaeumsspaziergang.html,
SPAZIERPUNKTOGD.10291,10291,POINT (16.3802641034253 48.19464903743261),9,"Muschelbrunnen, Belvedere",,"3., Belvedere",www.wien.gv.at/wienwasser/jubilaeumsspaziergang.html,
SPAZIERPUNKTOGD.10292,10292,POINT (16.38051074364146 48.19340891230884),9,"Kaskadenbrunnen, Belvedere-Garten",,"3., Belvedere",www.wien.gv.at/wienwasser/jubilaeumsspaziergang.html,
SPAZIERPUNKTOGD.10293,10293,POINT (16.380896471605812 48.191448069090576),9,Oberes Belvedere,,"3., Belvedere",www.wien.gv.at/wienwasser/jubilaeumsspaziergang.html,
SPAZIERPUNKTOGD.10294,10294,POINT (16.381144484510806 48.190358698075364),9,"Schlossteich, Belvedere - Garten",,"3., Belvedere",www.wien.gv.at/wienwasser/jubilaeumsspaziergang.html,
SPAZIERPUNKTOGD.10295,10295,POINT (16.383091663151326 48.187513064118235),9,Frederic-Chopin-Denkmal,,"3., Schweizergarten",www.wien.gv.at/wienwasser/jubilaeumsspaziergang.html,
SPAZIERPUNKTOGD.10296,10296,POINT (16.383814103482717 48.18585146295262),9,"Belvedere 21, 21er Haus Musuem für zeitgenössische Kunst",,"3., Arsenalstraße 1",www.wien.gv.at/wienwasser/jubilaeumsspaziergang.html,
SPAZIERPUNKTOGD.10297,10297,POINT (16.384049324483215 48.17931995805256),9,"Helmut-Zilk-Park, Motorikspielplatz",,"10., Helmut-Zilk-Park",www.wien.gv.at/wienwasser/jubilaeumsspaziergang.html,
SPAZIERPUNKTOGD.10298,10298,POINT (16.380743604762838 48.17820327658199),9,Jubiläumsbrunnen,,"10., Sonnwendgasse",www.wien.gv.at/wienwasser/jubilaeumsspaziergang.html,
SPAZIERPUNKTOGD.10299,10299,POINT (16.322795845052177 48.213346092518144),4,Ottakringer Brauerei,"Bereits 1838 wurde auf dem Grund in Ottakring ein Brauhaus errichtet. Heute befindet sich hier die Ottakringer Brauerei AG, die auf eine lange Tradition zurückblicken kann.","16., Ottakringer Straße 91-93",www.wien.gv.at/spaziergang/ringlinien/ottakringer-brauerei.html,
SPAZIERPUNKTOGD.10300,10300,POINT (16.33665791141039 48.213642275241305),4,Brunnenmarkt / Yppenmarkt,"Bereits 1786 entstand rund um einen, heute nicht mehr existenten, Brunnen der Brunnenmarkt. Am anschließenden Yppenplatz besteht seit 1897 der Yppenmarkt. Beide Märkte sind heute fast zu einem großen Detailmarkt verwachsen und erfreuen sich großer Beliebtheit.","16., Brunnengasse und Yppenplatz",www.wien.gv.at/freizeit/einkaufen/maerkte/lebensmittel/brunnenmarkt.html,
SPAZIERPUNKTOGD.10301,10301,POINT (16.33888964785888 48.20949863431847),4,Lerchenfelder Gürtel,"Entlang des ehemaligen Linienwalls wurde 1895 mit dem Bau der Wiener Stadtbahn begonnen. Mitte der 1990er allerdings drohte eine Verödung des städtischen Lebensraums um den Gürtel. Durch Revitalisierungsmaßnahmen entstand dort eine junge Kulturszene, die in den Clubs und Bars in den Stadtbahnbögen präsent ist.","16., Lerchenfelder Gürtel",www.wien.gv.at/spaziergang/ringlinien/ringroute2.html,
SPAZIERPUNKTOGD.10302,10302,POINT (16.351055063212005 48.20952870331618),4,Theater in der Josefstadt,Das Theater wurde 1788 gegründet und ist nach Umbauten und Renovierungen die älteste theatralische Institution auf Wiener Boden. Unter anderem gastierte Ferdinand Raimund hier und Max Reinhardt leitet das Theater von 1924-1926.,"8., Josefstädter Straße 26",www.wien.gv.at/spaziergang/ringlinien/josefstadttheater.html,
SPAZIERPUNKTOGD.10303,10303,POINT (16.357507294837248 48.21086137512494),4,Rathaus,Das von 1872 bis 1883 von Friedrich von Schmidt erbaute Wiener Rathaus ist der bedeutendste nichtkirchliche Bau Wiens im neugotischen Stil.,"1., Rathausplatz 1",www.wien.gv.at/spaziergang/ringlinien/rathaus.html,
SPAZIERPUNKTOGD.10304,10304,POINT (16.358781505572097 48.20806340476122),4,Parlament,Theophil Hansen ist der Schöpfer des zwischen 1873 bis 1883 in Formen griechischer Architektur erbauten Reichsratsgebäudes. Das Parlament ist heute Sitz des Nationalrates und des Bundesrates.,"1., Dr. Karl-Renner-Ring 2",www.wien.gv.at/spaziergang/ringlinien/parlament.html,
SPAZIERPUNKTOGD.10305,10305,POINT (16.361053899884773 48.207853685180034),4,Volksgarten,Der Volksgarten wurde 1823 eröffnet und bis 1907 in mehreren Etappen gestaltet. Der Auftrag kam von Kaiser Franz I und Franz Joseph I. Im Bereich Elisabethdenkmal ist der Garten im Jugendstil gehalten.,"1., Volksgarten",www.wien.gv.at/spaziergang/ringlinien/volksgarten.html,
SPAZIERPUNKTOGD.10306,10306,POINT (16.3596498337152 48.20534300257519),4,Naturhistorisches Museum,"Das Naturhistorische Museum begeistert mit einer vielfältigen Sammlung von ausgestopften Exemplaren seltener Tiere sowie Mineralien, Dinosaurierskelette und der Venus von Willendorf.","1., Maria-Theresien-Platz",www.wien.gv.at/spaziergang/ringlinien/naturhistorisch.html,
SPAZIERPUNKTOGD.10307,10307,POINT (16.361863442300837 48.20375378942431),4,Kunsthistorisches Museum,Mit seiner Kollektion berühmter Werke und der weltgrößten Bruegel-Sammlung zählt es heute zu den bedeutendsten Kunstsammlungen der Welt.,"1., Maria-Theresien-Platz",www.wien.gv.at/spaziergang/ringlinien/kunsthistorisch.html,
SPAZIERPUNKTOGD.10308,10308,POINT (16.365519288972077 48.206558387549265),4,Hofburg/Heldenplatz,Mehr als sieben Jahrhunderte lang wurde das Imperium des Habsburgerreiches von der Hofburg aus regiert. Heute befinden sich der Amtssitz des Bundespräsidenten sowie ein bedeutendes Kongresszentrum und zahlreiche Kunstsammlungen in der Hofburg.,"1., Hofburg",www.wien.gv.at/spaziergang/ringlinien/hofburg.html,
SPAZIERPUNKTOGD.10309,10309,POINT (16.36574521300752 48.20427519806557),4,Burggarten,Anstelle der von den Franzosen verwüsteten Festungswerke entstand ab 1818 ein Garten. Bis 1901 wandelte er sich zu einem englischen Landschaftsgarten und ein Jugendstilglashaus nach Plänen von Friedrich Ohmann kam hinzu. ,"1., Josephsplatz 1",www.wien.gv.at/spaziergang/ringlinien/burggarten.html,
SPAZIERPUNKTOGD.10310,10310,POINT (16.36902541002745 48.20308081408944),4,Staatsoper,Die Wiener Staatsoper hat neben internationale Spitzeninterpreten und Regisseuren ein eindrucksvolles Repertoire zu bieten. Einmal im Jahr findet der renommierte Wiener Opernball im Haus an der Ringstrasse statt.,"1., Opernring 2",www.wien.gv.at/spaziergang/ringlinien/staatsoper.html,
SPAZIERPUNKTOGD.10311,10311,POINT (16.372619856738368 48.20051807605185),4,Musikverein,Ein Traditionshaus im klassischen Konzertleben ist der Wiener Musikverein. Aus seinem Goldenen Saal wird alljährlich das Neujahrskonzert der Wiener Philharmoniker im Fernsehen übertragen.,"1., Bösendorferstraße 12",www.wien.gv.at/spaziergang/ringlinien/musikverein.html,
SPAZIERPUNKTOGD.10312,10312,POINT (16.376112061586117 48.198353506604356),4,Schwarzenbergplatz / Hochstrahlbrunnen,"Der Schwarzenbergplatz liegt auf Flächen des ehemaligen Wiener ""Glacis"". Der Hochstrahlbrunnen entstand 1873 anlässlich der Fertigstellung der 1. Wiener Hochquellwasserleitung. Aus dem Jahr 1945 stammt das ""Denkmal zu Ehren der Soldaten der Sowjetarmee"", von der Roten Armee zur Erinnerung an die Befreiung Wiens errichtet. ","3., Schwarzenbergplatz",www.wien.gv.at/umwelt/parks/anlagen/schwarzenbergplatz.html,
SPAZIERPUNKTOGD.10313,10313,POINT (16.380209432776045 48.20445431188189),4,Stadtpark,Der Stadtpark entstand nach Schleifung der Wiener Stadtmauer und Errichtung der Ringstraße um 1860 im Bereich des ehemaligen Wasserglacis vor dem Karolinenstadttor. Er war Wiens erste öffentliche Parkanlage.,"1., Parkring",www.wien.gv.at/umwelt/parks/anlagen/stadtpark.html,
SPAZIERPUNKTOGD.10314,10314,POINT (16.38193140594264 48.20785396541105),4,MAK - Museum für angewandte Kunst/Gegenwartskunst,"Im MAK wird Design groß geschrieben. Vom Mittelalter bis heute zeigt das Museum Möbel, Glas, Porzellan, Silber und Textil. ","1., Stubentor 5",www.wien.gv.at/spaziergang/ringlinien/mak.html,
SPAZIERPUNKTOGD.10315,10315,POINT (16.380952365615936 48.20998347828784),4,Postsparkasse,Als wichtigster Architekt seiner Epoche veränderte Otto Wagner nachhaltig das Stadtbild von Wien. Die Österreichische Postsparkasse von 1912 (Wettbewerb 1903) ist eines der wichtigsten Beispiele innovativer Baukunst Anfang des 20. Jahrhunderts. ,"1., Georg-Coch-Platz 2",www.wien.gv.at/spaziergang/ringlinien/otto-wagner-postsparkasse.html,
SPAZIERPUNKTOGD.10316,10316,POINT (16.386083763482798 48.21091415868395),4,BMVIT,Das Bundesamtsgebäude Radetzkystraße besteht aus drei ringförmigen Achtecken (Oktogonen) und Höfen der Obergeschoße. An den Straßenfronten wurde die achteckige Form an eine gerade Blockform angeglichen.,"1., Radetzkystraße 2",www.wien.gv.at/spaziergang/ringlinien/bmvit.html,
SPAZIERPUNKTOGD.10317,10317,POINT (16.383903239885154 48.211558566399006),4,Urania,Das Wiener Volksbildunghaus wurde nach Plänen von Max Fabiani erbaut und 1910 eröffnet. Die Eingangshalle wurde 1935 angebaut. Die Urania beherbergt weiters eine Sternwarte sowie ein Kino.,"1., Uraniastraße 1",www.wien.gv.at/spaziergang/ringlinien/urania.html,
SPAZIERPUNKTOGD.10318,10318,POINT (16.374361822573597 48.21202183307829),4,Ruprechtskirche,"Die Ruprechtskirche ist zum Teil noch aus dem frühen 9. Jahrhundert erhalten und somit die älteste Kirche Wiens. Sie ist eine einfache romanische Kirche, die auch die ältesten Glasmalereien Wiens beherbergt (13. Jhd.).","1., Ruprechtsplatz",www.wien.gv.at/spaziergang/ringlinien/ruprechtskirche.html,
SPAZIERPUNKTOGD.10319,10319,POINT (16.374631419541807 48.21275411166569),4,Gestapo-Mahnmal,Am Morzinplatz befand sich die Gestapo-Leitstelle Wien. Eine Bronzefigur und ein Block aus Mauthausener Granit (err. 1951) symbolisieren das Schicksal der Opfer. ,"1., Morzinplatz",www.wien.gv.at/spaziergang/ringlinien/gestapo.html,
SPAZIERPUNKTOGD.10320,10320,POINT (16.374621667923506 48.212796617558176),3,Gestapo-Mahnmal,Am Morzinplatz befand sich die Gestapo-Leitstelle Wien. Eine Bronzefigur und ein Block aus Mauthausener Granit (err. 1951) symbolisieren das Schicksal der Opfer. ,"1., Morzinplatz",www.wien.gv.at/spaziergang/ringlinien/gestapo.html,
SPAZIERPUNKTOGD.10321,10321,POINT (16.37979565098525 48.215800707368615),4,Karmeliterplatz,Der Karmeliter Markt ist einer der ältesten noch bestehenden Märkte Wiens. Kaiser Leopold I. erlaubte 1671 die Abhaltung eines Wochenmarktes für Lebensmittel und Vieh auf dem Platz vor der Karmeliterkirche.,"2., Karmeliterplatz, Im Werd, Krummbaumgasse, Leopoldsgasse, Haidgasse",www.geschichtewiki.wien.gv.at/Karmeliterplatz,
SPAZIERPUNKTOGD.10322,10322,POINT (16.37977623524368 48.221988072966845),4,Augarten,Der Augarten ist eine historische sowie denkmalgeschützte Gartenanlage und zudem wichtiger Naherholungsraum im dicht bebauten Gebiet der Leopoldstadt. Entstanden ist er Anfang des 17. Jahrhunderts im Augebiet. Auch finden sich die Gebäude der Wiener Porzellanmanufaktur sowie der Wiener Sägerknaben dort.,"2., Augartenspitz Ecke Taborstrasse/Obere Augartenstrasse",www.wien.gv.at/stadtentwicklung/grundlagen/leitbilder/augarten/index.html,
SPAZIERPUNKTOGD.10323,10323,POINT (16.360863884876483 48.25986228906389),5,Nussdorf (Heurigenwirte),Das Wiener Lied und der Wiener Schmäh sind beim Heurigen daheim. Traditionell wird der Wiener Wein in diesen Buschenschanken genossen.,"19., Gassen rund um den Beethovengang (Endstation)",www.wien.gv.at/spaziergang/ringlinien/nussdorf.html,
SPAZIERPUNKTOGD.10324,10324,POINT (16.364096377273647 48.250212446909025),5,Karl-Marx-Hof,"In den Jahren 1926-1930 entstand der Karl-Marx-Hof nach Plänen von Karl Ehn. Die Anlage besitzt eine Frontlänge von fast 1.200 Meter und ist ein Symbol des sozialen Wohnbaus, welches in den 1990er Jahren renoviert wurde.","19., Heiligenstädterstraße 82-92",www.wien.gv.at/spaziergang/ringlinien/karl-marx-hof.html,
SPAZIERPUNKTOGD.10325,10325,POINT (16.356880588858694 48.23578287075884),5,Skywalk,"In elf Metern Höhe über der Heiligenstädter Straße führt der 4,5 Meter breite Steg Rad- und Fußverkehr von einem Bezirk zum anderen.",U4/U6 Stationsgebäude Spittelau 1090 Wien zu Guneschgasse 1190 Wien,www.wien.gv.at/verkehr/brueckenbau/baustellen/skybau.html,
SPAZIERPUNKTOGD.10326,10326,POINT (16.359346728075405 48.23462526079718),5,Müllverbrennungsanlage Spittelau,Seit der Neugestaltung durch Friedensreich Hundertwasser im Jahr 1989 ist die MVA Spittelau ein fixer Bestandteil des Wiener Stadtbilds und eine berühmte Touristenattraktion.,"9., Spittelauer Lände 45",www.wien.gv.at/spaziergang/ringlinien/mva-spittelau.html,
SPAZIERPUNKTOGD.10327,10327,POINT (16.357359536357116 48.23210628262237),5,Wirtschaftsuniversität Wien,Die Wirtschaftsuniversität Wien (Baujahr 1976) ist die größte wirtschaftswissenschaftliche Hochschule in Europa.,"9., Augasse 2-6",www.wien.gv.at/spaziergang/ringlinien/wirtschaftsuniversitaet.html,
SPAZIERPUNKTOGD.10328,10328,POINT (16.361201482813218 48.22628712653932),5,Franz-Josefs-Bahnhof,Der Franz Josefs Bahnhof ist der Kopfbahnhof der Franz-Josefs-Bahn. Er wurde in der jetzigen Form 1978 gebaut.,"9., Julius-Tandler-Platz 3",www.wien.gv.at/spaziergang/ringlinien/franzjosefsbahnhof.html,
SPAZIERPUNKTOGD.10329,10329,POINT (16.3596661966127 48.22251865250789),5,Liechtenstein Museum,"Im Gartenpalais der Adelsfamilie Liechtenstein sind eine der größten Rubens-Sammlungen, berühmte Werke von van Dyck, Lucas Cranach und Raffael sowie Oeuvres von Rembrandt, van Ruysdael und Hamilton zu bewundern.","9., Fürstengasse 1",www.wien.gv.at/spaziergang/ringlinien/liechtensteinmuseum.html,
SPAZIERPUNKTOGD.10330,10330,POINT (16.363015370056765 48.21862069947962),5,Sigmund-Freud-Museum,In den ehemaligen Wohn- und Praxisräumen zeigt das Sigmund Freud Museum eine Dokumentation über Leben und Werk des Begründers der Psychoanalyse.,"19., Berggasse 19",www.wien.gv.at/spaziergang/ringlinien/freud-museum.html,
SPAZIERPUNKTOGD.10331,10331,POINT (16.3657784523213 48.21730322602666),5,Roßauer Kaserne,Die Kaserne in Ziegelrohbau von festungsartigem Charakter wurde 1870 ihrer militärischen Bestimmung,"9., Schlickplatz 6",www.wien.gv.at/spaziergang/ringlinien/rossauerkaserne.html,
SPAZIERPUNKTOGD.10332,10332,POINT (16.366400359072024 48.21537030482931),5,Alte Börse,Die Börse wurde 1874-1877 von Theophil Hansen in klassizistischen Rennaissanceformen erbaut.,"1., Schottenring 16",www.wien.gv.at/spaziergang/ringlinien/boerse.html,
SPAZIERPUNKTOGD.10333,10333,POINT (16.35953547222069 48.21527116336792),5,Votivkirche,Die Gedächtniskirche wurde anlässlich des missglückten Attentats auf Kaiser Franz Josef I. 1856-79 erbaut und ist im Stil der französischen Kathedralgotik des 13. Jhd. gehalten. ,"19., Rooseveltplatz",www.wien.gv.at/spaziergang/ringlinien/votivkirche.html,
SPAZIERPUNKTOGD.10334,10334,POINT (16.36050847374085 48.2130436316498),5,Universität Wien,Die neue Universität wurde nach Plänen von Heinrich Ferstel 1873-84 im Stil der italienischen Renaissance errichtet. Das Gebäude besitzt einen Arkadenhof und 8 kleinere Höfe. ,"1., Dr-. Karl-Lueger-Ring 1",www.wien.gv.at/spaziergang/ringlinien/universitaetwien.html,
SPAZIERPUNKTOGD.10335,10335,POINT (16.374135969447014 48.20868026956982),6,Zwettlhof,,"1., Stephansplatz 6, Wollzeile 4",www.wien.gv.at/spaziergang/innenhoefe/zwettlhof.html,
SPAZIERPUNKTOGD.10336,10336,POINT (16.37454701255028 48.20920289520185),6,Schmeckender-Wurm-Hof,,"1., Wollzeile 5, Bäckerstraße 6",www.wien.gv.at/spaziergang/innenhoefe/wurmhof.html,
SPAZIERPUNKTOGD.10337,10337,POINT (16.376302496831585 48.21017515407371),6,Heiligenkreuzerhof,,"1., Grashofgasse 3, Schönlaterngasse 5",www.wien.gv.at/spaziergang/innenhoefe/heiligenkreuzerhof.html,
SPAZIERPUNKTOGD.10338,10338,POINT (16.376033345562703 48.20904512425563),6,Bäckerstraße 10,,"1., Bäckerstraße 10",www.wien.gv.at/spaziergang/innenhoefe/baeckerstrasse10.html,
SPAZIERPUNKTOGD.10339,10339,POINT (16.373673278482926 48.20743814665534),6,Deutschordenshaus,,"1., Singerstraße 7, Stephansplatz 4",www.wien.gv.at/spaziergang/innenhoefe/deutschordenshaus.html,
SPAZIERPUNKTOGD.10340,10340,POINT (16.357553027558914 48.21085564242656),5,Rathaus,Das von 1872 bis 1883 von Friedrich von Schmidt erbaute Wiener Rathaus ist der bedeutendste nichtkirchliche Bau Wiens im neugotischen Stil.,"1., Rathausplatz 1",www.wien.gv.at/spaziergang/ringlinien/rathaus.html,
SPAZIERPUNKTOGD.10341,10341,POINT (16.361367509501573 48.21030462115108),5,Burgtheater,Das Wiener Burgtheater wurde 1874 bis 1888 erbaut und ist nach wie vor eine Institution von Rang.,"1., Dr. -Karl-Lueger-Ring 2",www.wien.gv.at/spaziergang/ringlinien/burgtheater.html,
SPAZIERPUNKTOGD.10343,10343,POINT (16.360937289535435 48.2078076869944),5,Volksgarten,Der Volksgarten wurde 1823 eröffnet und bis 1907 in mehreren Etappen gestaltet. Der Auftrag kam von Kaiser Franz I und Franz Joseph I. Im Bereich Elisabethdenkmal ist der Garten im Jugendstil gehalten. ,"1., Volksgarten",www.wien.gv.at/spaziergang/ringlinien/volksgarten.html,
SPAZIERPUNKTOGD.10344,10344,POINT (16.35969555272423 48.20531866932361),5,Naturhistorisches Museum,"Das Naturhistorische Museum begeistert mit einer vielfältigen Sammlung von ausgestopften Exemplaren seltener Tiere sowie Mineralien, Dinosaurierskelette und der Venus von Willendorf.","1., Maria-Theresien-Platz",www.wien.gv.at/spaziergang/ringlinien/naturhistorisch.html,
SPAZIERPUNKTOGD.10345,10345,POINT (16.361793259512336 48.203799231531164),5,Kunsthistorisches Museum,Mit seiner Kollektion berühmter Werke und der weltgrößten Bruegel-Sammlung zählt es heute zu den bedeutendsten Kunstsammlungen der Welt.,"1., Maria-Theresien-Platz",www.wien.gv.at/spaziergang/ringlinien/kunsthistorisch.html,
SPAZIERPUNKTOGD.10346,10346,POINT (16.365458371868925 48.20658832975089),5,Hofburg/Heldenplatz,Mehr als sieben Jahrhunderte lang wurde das Imperium des Habsburgerreiches von der Hofburg aus regiert. Heute befinden sich der Amtssitz des Bundespräsidenten sowie ein bedeutendes Kongresszentrum und zahlreiche Kunstsammlungen in der Hofburg. ,"1., Hofburg",www.wien.gv.at/spaziergang/ringlinien/hofburg.html,
SPAZIERPUNKTOGD.10347,10347,POINT (16.365700536019048 48.2043175360129),5,Burggarten,Anstelle der von den Franzosen verwüsteten Festungswerke entstand ab 1818 ein Garten. Bis 1901 wandelte er sich zu einem englischen Landschaftsgarten und ein Jugendstilglashaus nach Plänen von Friedrich Ohmann kam hinzu.,"1., Josephsplatz 1",www.wien.gv.at/spaziergang/ringlinien/burggarten.html,
SPAZIERPUNKTOGD.10348,10348,POINT (16.36903865979533 48.203053386469605),5,Staatsoper,Die Wiener Staatsoper hat neben internationale Spitzeninterpreten und Regisseuren ein eindrucksvolles Repertoire zu bieten. Einmal im Jahr findet der renommierte Wiener Opernball im Haus an der Ringstrasse statt.,"1., Opernring 1",www.wien.gv.at/spaziergang/ringlinien/staatsoper.html,
SPAZIERPUNKTOGD.10349,10349,POINT (16.37250788547703 48.20054574138821),5,Musikverein,Ein Traditionshaus im klassischen Konzertleben ist der Wiener Musikverein. Aus seinem Goldenen Saal wird alljährlich das Neujahrskonzert der Wiener Philharmoniker im Fernsehen übertragen.,"1., Bösendorferstraße 12",www.wien.gv.at/spaziergang/ringlinien/musikverein.html,
SPAZIERPUNKTOGD.10350,10350,POINT (16.376096691146657 48.198389214034606),5,Schwarzenbergplatz / Hochstrahlbrunnen,"Der Schwarzenbergplatz liegt auf Flächen des ehemaligen Wiener ""Glacis"". Der Hochstrahlbrunnen entstand 1873 anlässlich der Fertigstellung der 1. Wiener Hochquellwasserleitung. Aus dem Jahr 1945 stammt das ""Denkmal zu Ehren der Soldaten der Sowjetarmee"", von der Roten Armee zur Erinnerung an die Befreiung Wiens errichtet. ","3., Schwarzenbergplatz",www.wien.gv.at/ma42/parks/schwarzengeschichte.htm,
SPAZIERPUNKTOGD.10342,10342,POINT (16.35864173552342 48.2080794086891),5,Parlament,Theophil Hansen ist der Schöpfer des zwischen 1873 bis 1883 in Formen griechischer Architektur erbauten Reichsratsgebäudes. Das Parlament ist heute Sitz des Nationalrates und des Bundesrates.,"1., Dr. Karl-Renner-Ring 2",www.wien.gv.at/spaziergang/ringlinien/parlament.html,
SPAZIERPUNKTOGD.10368,10368,POINT (16.39250825936905 48.22019642293466),7,Startpunkt,"Diese Tour ist Teil von Gemma Zukunft, einem kostenlosen Programm für Führungen zu Themen der nachhaltigen Stadtentwicklung in Wien.  ","20., Anitta-Müller-Cohen-Platz",www.wienzufuss.at/gemma-zukunft/,
SPAZIERPUNKTOGD.10351,10351,POINT (16.37184788514761 48.198326630716785),5,Karlskirche,Die Karlskirche ist ein auffälliger Sakralbau mit einer mächtigen Kuppel. Sie ist das letzte große Werk des barocken Stararchitekten Johann Bernhard Fischer von Erlach und wurde 1739 von seinem Sohn vollendet.,"4., Karlsplatz",www.wien.gv.at/spaziergang/ringlinien/karlskirche.html,
SPAZIERPUNKTOGD.10352,10352,POINT (16.376949401387826 48.19694649551199),5,Palais Schwarzenberg,Das barocke Sommerpalais wurde in den Jahren 1697 bis 1726 unter der Leitung von Johann Bernhard Fischer von Erlach erbaut und befindet sich nach wie vor im Besitz der Familie Schwarzenberg.,"4., Schwarzenbergplatz",www.wien.gv.at/spaziergang/ringlinien/palais-schwarzenberg.html,
SPAZIERPUNKTOGD.10353,10353,POINT (16.380881521956614 48.191520555644544),5,Schloss Belvedere,Der Sommersitz Prinz Eugen von Savoyens (1663 bis 1736) beherbergt heute österreichische Kunst vom Mittelalter bis zur Gegenwart (u.a. Gustav Klimt).,"3., Prinz-Eugen-Straße 27",www.wien.gv.at/spaziergang/ringlinien/belvedere.html,
SPAZIERPUNKTOGD.10354,10354,POINT (16.377522306535717 48.1850705321273),5,Hauptbahnhof Wien,Der neue Hauptbahnhof mit dem rautenförmigen Bahnsteigdach wird den Anforderungen einer modernen Verkehrsdrehscheibe gerecht. ,"10., Hauptbahnhof",www.wien.gv.at/stadtentwicklung/projekte/zielgebiete/hauptbahnhof-wien/hauptbahnhof.html,
SPAZIERPUNKTOGD.10355,10355,POINT (16.375926902261206 48.2092704501662),6,Bäckerstraße 7,,"1., Bäckerstraße 7",www.wien.gv.at/spaziergang/innenhoefe/baeckerstrasse7.html,
SPAZIERPUNKTOGD.10356,10356,POINT (16.374406551424013 48.20775223122691),6,Blutgasse 3,,"1., Blutgasse 3",www.wien.gv.at/spaziergang/innenhoefe/blutgasse.html,
SPAZIERPUNKTOGD.10357,10357,POINT (16.374224157434274 48.20759826757074),6,Fähnrichhof,,"1., Blutgasse 5, Singerstraße 9",www.wien.gv.at/spaziergang/innenhoefe/faehnrichhof.html,
SPAZIERPUNKTOGD.10358,10358,POINT (16.374454007538386 48.20682577050251),6,Singerstraße 22,,"1., Singerstraße 22",www.wien.gv.at/spaziergang/innenhoefe/singerstrasse22.html,
SPAZIERPUNKTOGD.10359,10359,POINT (16.37395552308805 48.20709030661669),6,Singerstraße 16,,"1., Singerstraße 16",www.wien.gv.at/spaziergang/innenhoefe/singerstrasse16.html,
SPAZIERPUNKTOGD.10360,10360,POINT (16.3886851790241 48.20386880587083),6,Sünnhof,,"3., Landstraßer Hauptstraße 28, Ungargasse 13",www.wien.gv.at/spaziergang/innenhoefe/suennhof.html,
SPAZIERPUNKTOGD.10361,10361,POINT (16.377336166618935 48.17393090155758),9,Eissalon TICHY,,"10., Reumannplatz 13",www.wien.gv.at/wienwasser/jubilaeumsspaziergang.html,
SPAZIERPUNKTOGD.10362,10362,POINT (16.379458710883117 48.16063433433195),9,Heuberggstätten - Spielplatz,,"10., Heuberggstätten - Schneebergblick",www.wien.gv.at/wienwasser/jubilaeumsspaziergang.html,
SPAZIERPUNKTOGD.10363,10363,POINT (16.37878011644409 48.16033302234626),9,Aussichtspunkt,,"10., Heuberggstätten",www.wien.gv.at/wienwasser/jubilaeumsspaziergang.html,
SPAZIERPUNKTOGD.10364,10364,POINT (16.35942165598029 48.16256898510663),9,"Aussichtspunkt Wienerberg  ""Schneebergblick""",,"10., Wienerberg",www.wien.gv.at/wienwasser/jubilaeumsspaziergang.html,
SPAZIERPUNKTOGD.10365,10365,POINT (16.35026648746202 48.16148334982706),9,Wienerbergteich,,"10., Wienerbergteich",www.wien.gv.at/wienwasser/jubilaeumsspaziergang.html,
SPAZIERPUNKTOGD.10366,10366,POINT (16.353343195852403 48.169080711626314),9,Wasserturm Favoriten,,"10., Windtenstraße 3 Wasserturm",www.wien.gv.at/wienwasser/jubilaeumsspaziergang.html,
SPAZIERPUNKTOGD.10367,10367,POINT (16.352449106583123 48.1693575223053),9,Wasserspielplatz,,"10., Windtenstraße Wasserspielplatz",www.wien.gv.at/wienwasser/jubilaeumsspaziergang.html,
SPAZIERPUNKTOGD.10369,10369,POINT (16.396106098904802 48.2268140419641),7,Rudolf-Bednar-Park,"Der Rudolf-Bednar-Park bildet die ""grüne Lunge"" für diesen neuen Stadtteil im 2. Bezirk. Wesentliches Charaktermerkmal ist ein zusammenhängender Baumschleier aus 280 Bäumen. ","2., Rudolf-Bednar-Park",www.wienzufuss.at/gemma-zukunft/,
SPAZIERPUNKTOGD.10370,10370,POINT (16.392709397570524 48.22860167090933),7,Bildungscampus Christine Nöstlinger,Mit dem Schuljahr 2020/21 ist der Bildungscampus Christina Nöstlinger für bis zu 1.600 Kinder und Jugendliche in Betrieb gegangen. T,"2., Taborstraße 120",www.wienzufuss.at/gemma-zukunft/,
SPAZIERPUNKTOGD.10371,10371,POINT (16.38849873885051 48.226671899435324),7,Stadtteilmanagement Nordbahnhof/Nordwestbahnhof,"Das Stadtteilmanagement informiert darüber, was sich im und um das Stadtentwicklungsgebiet verändert, vernetzen Bewohner*innen und unterstützen nachbarschaftliche Initiativen.","2., Nordbahnstraße 14",www.wienzufuss.at/gemma-zukunft/,
SPAZIERPUNKTOGD.10372,10372,POINT (16.381561056990055 48.22733927576539),7,Altes Postgebäude,"Das alte Postamt in der Nordwestbahnstraße wurde saniert, wodurch die Fassade als auch das Urgebäude erhalten blieb, außerdem wurde es um ein zusätzliches Gebäude erweitert. Mit 2024 werden hier rund 640 Schüler*innen zur Schule gehen.  ","2., Nordwestbahnstraße 6",www.wienzufuss.at/gemma-zukunft/,
SPAZIERPUNKTOGD.10373,10373,POINT (16.377147888418282 48.23295247188416),7,Stadtraum,"Aktuell sieht man dem Areal noch deutlich die damalige Nutzung als Güterumschlagplatz an, bis 2035 soll hier ein neuer Stadtteil entstehen. Der Nordwestbahnhof ist mit 44 Hektar Fläche das letzte große innerstädtische Entwicklungsgebiet. Aktuelle Informationen zum Stadtentwicklungsgebiet finden Sie u.a. im STADTRAUM Nordwestbahnhof","2., Nordwestbahnstraße 16",www.wienzufuss.at/gemma-zukunft/,
SPAZIERPUNKTOGD.10374,10374,POINT (16.420875931621726 48.298295289681604),8,Endpunkt DreiAnger,Endpunkt: Mit dem Regionalpark soll in den nächsten Jahren und Jahrzehnten in der nördlichen Stadtregion von Wien die Idee eines gemeindeübergreifenden Regionalparks mit Leben gefüllt werden.,,www.wienzufuss.at/gemma-zukunft,
SPAZIERPUNKTOGD.10375,10375,POINT (16.431548226372694 48.30320273957077),8,Marchfeldkanal,"Das Marchfeldkanalsystem wurde in den Jahren 1986 bis 2004 errichtet um die wasserwirtschaftliche und naturräumliche Situation in der Region Marchfeld zu verbessern. Zahlreiche, zum Teil gefährdete Tier- und Pflanzenarten sind in der Zwischenzeit hier heimisch geworden.  ",,www.wienzufuss.at/gemma-zukunft,
SPAZIERPUNKTOGD.10376,10376,POINT (16.449442053979375 48.29921891284308),8,Regionalpark,"Sowohl im Wiener als auch im Niederösterreichischen Teil des Regionalparks werden wertvolle Nahrungsmittel wie Getreide, Hülsen- und Hackfrüchte, Feldgemüse und Ölpflanzen produziert. ",,www.wienzufuss.at/gemma-zukunft,
SPAZIERPUNKTOGD.10377,10377,POINT (16.46745744603689 48.29923145551596),8,Gerasdorfer Anger,Der Gerasdorfer Anger im Herzen des Regionalparks ist einer der 3 namensgebenden Anger für den Regionalpark. An ihn schließen heute noch landwirtschaftliche Höfe an. ,,www.wienzufuss.at/gemma-zukunft,
